<?xml version="1.0" encoding="UTF-8"?>
<root>
  <item name="com.afollestad.materialcamera.util.Degrees boolean isLandscape(int) 0">
    <annotation name="android.support.annotation.IntDef">
      <val name="value" val="{com.afollestad.materialcamera.util.Degrees.DEGREES_0, com.afollestad.materialcamera.util.Degrees.DEGREES_90, com.afollestad.materialcamera.util.Degrees.DEGREES_180, com.afollestad.materialcamera.util.Degrees.DEGREES_270, com.afollestad.materialcamera.util.Degrees.DEGREES_360}" />
    </annotation>
  </item>
  <item name="com.afollestad.materialcamera.util.Degrees boolean isPortrait(int) 0">
    <annotation name="android.support.annotation.IntDef">
      <val name="value" val="{com.afollestad.materialcamera.util.Degrees.DEGREES_0, com.afollestad.materialcamera.util.Degrees.DEGREES_90, com.afollestad.materialcamera.util.Degrees.DEGREES_180, com.afollestad.materialcamera.util.Degrees.DEGREES_270, com.afollestad.materialcamera.util.Degrees.DEGREES_360}" />
    </annotation>
  </item>
  <item name="com.afollestad.materialcamera.util.Degrees int getActivityOrientation(android.app.Activity)">
    <annotation name="android.support.annotation.IntDef">
      <val name="value" val="{android.content.pm.ActivityInfo.SCREEN_ORIENTATION_PORTRAIT, android.content.pm.ActivityInfo.SCREEN_ORIENTATION_LANDSCAPE, android.content.pm.ActivityInfo.SCREEN_ORIENTATION_REVERSE_PORTRAIT, android.content.pm.ActivityInfo.SCREEN_ORIENTATION_REVERSE_LANDSCAPE}" />
    </annotation>
  </item>
  <item name="com.afollestad.materialcamera.util.Degrees int getDisplayOrientation(int, int, boolean)">
    <annotation name="android.support.annotation.IntDef">
      <val name="value" val="{com.afollestad.materialcamera.util.Degrees.DEGREES_0, com.afollestad.materialcamera.util.Degrees.DEGREES_90, com.afollestad.materialcamera.util.Degrees.DEGREES_180, com.afollestad.materialcamera.util.Degrees.DEGREES_270, com.afollestad.materialcamera.util.Degrees.DEGREES_360}" />
    </annotation>
  </item>
  <item name="com.afollestad.materialcamera.util.Degrees int getDisplayOrientation(int, int, boolean) 0">
    <annotation name="android.support.annotation.IntDef">
      <val name="value" val="{com.afollestad.materialcamera.util.Degrees.DEGREES_0, com.afollestad.materialcamera.util.Degrees.DEGREES_90, com.afollestad.materialcamera.util.Degrees.DEGREES_180, com.afollestad.materialcamera.util.Degrees.DEGREES_270, com.afollestad.materialcamera.util.Degrees.DEGREES_360}" />
    </annotation>
  </item>
  <item name="com.afollestad.materialcamera.util.Degrees int getDisplayOrientation(int, int, boolean) 1">
    <annotation name="android.support.annotation.IntDef">
      <val name="value" val="{com.afollestad.materialcamera.util.Degrees.DEGREES_0, com.afollestad.materialcamera.util.Degrees.DEGREES_90, com.afollestad.materialcamera.util.Degrees.DEGREES_180, com.afollestad.materialcamera.util.Degrees.DEGREES_270, com.afollestad.materialcamera.util.Degrees.DEGREES_360}" />
    </annotation>
  </item>
  <item name="com.afollestad.materialcamera.util.Degrees int getDisplayRotation(android.content.Context)">
    <annotation name="android.support.annotation.IntDef">
      <val name="value" val="{com.afollestad.materialcamera.util.Degrees.DEGREES_0, com.afollestad.materialcamera.util.Degrees.DEGREES_90, com.afollestad.materialcamera.util.Degrees.DEGREES_180, com.afollestad.materialcamera.util.Degrees.DEGREES_270, com.afollestad.materialcamera.util.Degrees.DEGREES_360}" />
    </annotation>
  </item>
  <item name="com.afollestad.materialcamera.util.Degrees int mirror(int)">
    <annotation name="android.support.annotation.IntDef">
      <val name="value" val="{com.afollestad.materialcamera.util.Degrees.DEGREES_0, com.afollestad.materialcamera.util.Degrees.DEGREES_90, com.afollestad.materialcamera.util.Degrees.DEGREES_180, com.afollestad.materialcamera.util.Degrees.DEGREES_270, com.afollestad.materialcamera.util.Degrees.DEGREES_360}" />
    </annotation>
  </item>
  <item name="com.afollestad.materialcamera.util.Degrees int mirror(int) 0">
    <annotation name="android.support.annotation.IntDef">
      <val name="value" val="{com.afollestad.materialcamera.util.Degrees.DEGREES_0, com.afollestad.materialcamera.util.Degrees.DEGREES_90, com.afollestad.materialcamera.util.Degrees.DEGREES_180, com.afollestad.materialcamera.util.Degrees.DEGREES_270, com.afollestad.materialcamera.util.Degrees.DEGREES_360}" />
    </annotation>
  </item>
  <item name="com.afollestad.materialcamera.util.Degrees int naturalize(int)">
    <annotation name="android.support.annotation.IntDef">
      <val name="value" val="{com.afollestad.materialcamera.util.Degrees.DEGREES_0, com.afollestad.materialcamera.util.Degrees.DEGREES_90, com.afollestad.materialcamera.util.Degrees.DEGREES_180, com.afollestad.materialcamera.util.Degrees.DEGREES_270, com.afollestad.materialcamera.util.Degrees.DEGREES_360}" />
    </annotation>
  </item>
  <item name="com.afollestad.materialcamera.util.Degrees int naturalize(int) 0">
    <annotation name="android.support.annotation.IntDef">
      <val name="value" val="{com.afollestad.materialcamera.util.Degrees.DEGREES_0, com.afollestad.materialcamera.util.Degrees.DEGREES_90, com.afollestad.materialcamera.util.Degrees.DEGREES_180, com.afollestad.materialcamera.util.Degrees.DEGREES_270, com.afollestad.materialcamera.util.Degrees.DEGREES_360}" />
    </annotation>
  </item>
</root>

